{"c_est":1.19252,"closure_pass":false,"energy_final":-1.09813,"factors":["u1"],"g":[0.149065,0.249065,0.34906499999999996],"gap_proxy":0.24625999999999998,"lambda_h":0.029626,"ward_pass":true,"xi":1.49065}