{"c_est":1.01764,"closure_pass":false,"energy_final":-1.05441,"factors":["u1","su2"],"g":[0.127205,0.22720500000000002,0.32720499999999997],"gap_proxy":0.15882000000000002,"lambda_h":0.020882,"ward_pass":true,"xi":1.2720500000000001}