{"c_est":0.9968800000000001,"closure_pass":true,"energy_final":-1.04922,"factors":["u1","su2"],"g":[0.12461000000000001,0.22461,0.32461],"gap_proxy":0.14844000000000002,"lambda_h":0.019844,"ward_pass":false,"xi":1.2461}