{"c_est":0.95696,"closure_pass":true,"energy_final":-1.03924,"factors":["u1"],"g":[0.11962,0.21962,0.31962],"gap_proxy":0.12848,"lambda_h":0.017848000000000003,"ward_pass":true,"xi":1.1962}