{"c_est":1.07728,"g":[0.13466,0.23466,0.33466],"lambda_h":0.023864000000000003}