{"c_est":1.1957200000000001,"g":[0.14946500000000001,0.24946500000000002,0.34946499999999997],"lambda_h":0.029786}