{"c_est":0.8524400000000001,"g":[0.10655500000000001,0.20655500000000002,0.30655499999999997],"lambda_h":0.012622}