{"c_est":1.1393600000000002,"closure_pass":true,"energy_final":-1.08484,"factors":["u1"],"g":[0.14242000000000002,0.24242000000000002,0.34242],"gap_proxy":0.21968000000000004,"lambda_h":0.026968,"ward_pass":true,"xi":1.4242}