{"c_est":1.14152,"closure_pass":true,"energy_final":-1.08538,"factors":["u1","su2"],"g":[0.14269,0.24269000000000002,0.34269],"gap_proxy":0.22076,"lambda_h":0.027076000000000003,"ward_pass":false,"xi":1.4269}