{
  "ci": [
    0.348218167,
    0.442001959
  ],
  "gap_value": 0.395110063,
  "method": "dispersion",
  "passes": true,
  "residuals": [
    -0.004330943568267003,
    -0.0039333988170922795,
    0.006290825937631911,
    -0.00003592700629253577
  ],
  "thresholds": null
}
