{
  "ci": [
    0.208776674,
    0.297587914
  ],
  "gap_value": 0.253182294,
  "method": "spectral",
  "passes": true,
  "residuals": [
    0.007547796589252238,
    -0.0072431410038494405,
    0.0045435150859687475,
    0.0017319292406296188
  ],
  "thresholds": null
}
