{
  "run_seed0": {
    "energy": {
      "max": 11.029008,
      "mean": 9.963624229166669,
      "min": 8.847429
    },
    "last_energy": 10.114071,
    "samples": 48
  },
  "run_seed1": {
    "energy": {
      "max": 11.025999,
      "mean": 9.962673020833332,
      "min": 8.846323
    },
    "last_energy": 10.111611,
    "samples": 48
  }
}
