{"c_est":0.86716,"g":[0.108395,0.208395,0.308395],"lambda_h":0.013358}