{"c_est":1.17568,"g":[0.14696,0.24696,0.34696],"lambda_h":0.028784000000000004}