{"c_est":1.01764,"g":[0.127205,0.22720500000000002,0.32720499999999997],"lambda_h":0.020882}