{
  "c_est": 1.1957200000000001,
  "g": [
    0.14946500000000001,
    0.24946500000000002,
    0.34946499999999997
  ],
  "gap_proxy": 0.24786000000000002,
  "job_id": "46117421327_2",
  "lambda_h": 0.029786,
  "mean_g": 0.249465,
  "rule_id": 2,
  "rule_label": "sigma_lock",
  "seed": 46117421327,
  "xi": 1.49465
}