{"c_est":0.80684,"g":[0.100855,0.200855,0.300855],"lambda_h":0.010342}