{"c_est":0.99692,"g":[0.124615,0.224615,0.324615],"lambda_h":0.019846000000000003}