{"c_est":1.07796,"closure_pass":false,"energy_final":-1.06949,"factors":["u1"],"g":[0.134745,0.234745,0.33474499999999996],"gap_proxy":0.18897999999999998,"lambda_h":0.023898,"ward_pass":true,"xi":1.34745}