{"c_est":1.0142,"g":[0.126775,0.226775,0.326775],"lambda_h":0.02071}