{"c_est":0.86716,"closure_pass":false,"energy_final":-1.01679,"factors":["u1"],"g":[0.108395,0.208395,0.308395],"gap_proxy":0.08358,"lambda_h":0.013358,"ward_pass":false,"xi":1.08395}