{"c_est":0.8000400000000001,"g":[0.10000500000000001,0.20000500000000002,0.30000499999999997],"lambda_h":0.010002}