{"c_est":1.01328,"closure_pass":true,"energy_final":-1.05332,"factors":["u1"],"g":[0.12666,0.22666000000000003,0.32666],"gap_proxy":0.15664,"lambda_h":0.020664000000000002,"ward_pass":true,"xi":1.2666}