{"c_est":0.95352,"g":[0.11919,0.21919,0.31919],"lambda_h":0.017676}