{"ci":[2.025,2.475],"method":"exponential-fit","residuals":[0.000743715,0.002172202,0.000734194,0.001436743,0.001336627,0.002879188,0.003608324,0.004178988],"xi":2.25}