{"c_est":1.0906,"closure_pass":false,"energy_final":-1.07265,"factors":["u1","su2"],"g":[0.136325,0.236325,0.336325],"gap_proxy":0.19530000000000003,"lambda_h":0.024530000000000003,"ward_pass":true,"xi":1.36325}