{"c_est":0.86648,"closure_pass":true,"energy_final":-1.01662,"factors":["u1"],"g":[0.10831,0.20831000000000002,0.30831],"gap_proxy":0.08324000000000001,"lambda_h":0.013323999999999999,"ward_pass":false,"xi":1.0831}