{"c_est":1.13924,"closure_pass":false,"energy_final":-1.08481,"factors":["u1","su2"],"g":[0.142405,0.242405,0.34240499999999996],"gap_proxy":0.21961999999999998,"lambda_h":0.026962,"ward_pass":true,"xi":1.42405}