{"c_est":1.13924,"g":[0.142405,0.242405,0.34240499999999996],"lambda_h":0.026962}