{"c_est":1.13856,"closure_pass":true,"energy_final":-1.08464,"factors":["u1","su2"],"g":[0.14232,0.24232,0.34232],"gap_proxy":0.21928000000000003,"lambda_h":0.026928,"ward_pass":true,"xi":1.4232}