{
  "c_est": 1.18016,
  "g": [
    0.14752,
    0.24752000000000002,
    0.34752
  ],
  "gap_proxy": 0.24008000000000002,
  "job_id": "46117421327_3",
  "lambda_h": 0.029008,
  "mean_g": 0.24752,
  "rule_id": 3,
  "rule_label": "phi_patch",
  "seed": 46117421327,
  "xi": 1.4752
}