{"c_est":0.86648,"g":[0.10831,0.20831000000000002,0.30831],"lambda_h":0.013323999999999999}