{"c_est":1.01332,"g":[0.126665,0.226665,0.326665],"lambda_h":0.020666}