{"c_est":1.18016,"g":[0.14752,0.24752000000000002,0.34752],"lambda_h":0.029008}