{"c_est":1.07728,"closure_pass":true,"energy_final":-1.06932,"factors":["u1"],"g":[0.13466,0.23466,0.33466],"gap_proxy":0.18864000000000003,"lambda_h":0.023864000000000003,"ward_pass":true,"xi":1.3466}