{"c_est":1.1396000000000002,"g":[0.14245000000000002,0.24245,0.34245],"lambda_h":0.026979999999999997}