{"analysis_hash":"a6d5c2a2f3814648f8d4ea2a8e7bca1a6286d2f1a943ce5f75dbc1cc217b34b7","closure":{"closed":true,"max_dev":0.0,"structure_tensors":[]},"code_hash":"e566a0b20848d18dc52df4c716a6ba02613110e90a5a7e4ccd1d51af2b0e1110","decomp":{"factors":[{"dim":3,"invariants":{"frobenius":1.541933468,"symmetry":0.0,"trace":1e-9},"rank":3,"type":"su2"},{"dim":3,"invariants":{"frobenius":0.888689555,"symmetry":0.0,"trace":0.556540981},"rank":3,"type":"u1"},{"dim":3,"invariants":{"frobenius":0.756580533,"symmetry":0.0,"trace":-1e-9},"rank":3,"type":"su2"}],"residual_norm":0.556539981},"graph_hash":"59101e25112da6f3faaf8e8819478a3010ca8ee92a4d6a46ac2428737dd176b5","provenance":{"closure_tol":1e-6,"commit":"0.1.0","seed":4242,"ward_tol":0.00001},"rep_hash":"8a0905979af41c51a2bb19c7f0c2ef9fc8655250b72de0797c0f09a7dd542fe1","ward":{"max_comm_norm":0.0,"pass":true,"thresholds":{"rel_tol":0.00001}}}