{"c_est":1.07796,"g":[0.134745,0.234745,0.33474499999999996],"lambda_h":0.023898}