{"c_est":0.8000400000000001,"closure_pass":false,"energy_final":-1.00001,"factors":["u1","su2"],"g":[0.10000500000000001,0.20000500000000002,0.30000499999999997],"gap_proxy":0.05002,"lambda_h":0.010002,"ward_pass":true,"xi":1.00005}