{"c_est":1.0858400000000001,"g":[0.13573000000000002,0.23573000000000002,0.33573],"lambda_h":0.024292}