{"c_est":1.1340400000000002,"g":[0.14175500000000002,0.241755,0.341755],"lambda_h":0.026701999999999997}