{"ci":[2.025,2.475],"method":"exponential-fit","residuals":[0.000348705,0.001857451,0.001592176,0.002870013,0.000543083,0.006410651,0.00223768,0.000224533],"xi":2.25}