{"c_est":0.1,"gap_proxy":0.087906635,"k_grid":[0.015384615,0.030769231,0.046153846,0.061538462,0.076923077,0.092307692,0.107692308,0.123076923,0.138461538,0.153846154,0.169230769,0.184615385,0.2,0.215384615,0.230769231,0.246153846,0.261538462,0.276923077,0.292307692,0.307692308,0.323076923,0.338461538,0.353846154,0.369230769,0.384615385,0.4,0.415384615,0.430769231,0.446153846,0.461538462,0.476923077,0.492307692,0.507692308,0.523076923,0.538461538,0.553846154,0.569230769,0.584615385,0.6,0.615384615,0.630769231,0.646153846,0.661538462,0.676923077,0.692307692,0.707692308,0.723076923,0.738461538,0.753846154,0.769230769,0.784615385,0.8,0.815384615,0.830769231,0.846153846,0.861538462,0.876923077,0.892307692,0.907692308,0.923076923,0.938461538,0.953846154,0.969230769,0.984615385],"modes":[{"fit_resid":0.000168826,"mode_id":0,"omega":0.116688263},{"fit_resid":0.00045949,"mode_id":1,"omega":0.204594898},{"fit_resid":0.000130897,"mode_id":2,"omega":0.286308968}],"rounding":1e-9}