{"c_est":1.17568,"closure_pass":true,"energy_final":-1.09392,"factors":["u1","su2"],"g":[0.14696,0.24696,0.34696],"gap_proxy":0.23784,"lambda_h":0.028784000000000004,"ward_pass":true,"xi":1.4696}