{"c_est":0.8530800000000001,"g":[0.10663500000000001,0.206635,0.306635],"lambda_h":0.012654}