{"c_est":1.0858400000000001,"closure_pass":true,"energy_final":-1.07146,"factors":["u1","su2"],"g":[0.13573000000000002,0.23573000000000002,0.33573],"gap_proxy":0.19292000000000004,"lambda_h":0.024292,"ward_pass":false,"xi":1.3573}