{"c_est":0.8524400000000001,"closure_pass":false,"energy_final":-1.01311,"factors":["u1"],"g":[0.10655500000000001,0.20655500000000002,0.30655499999999997],"gap_proxy":0.07622000000000001,"lambda_h":0.012622,"ward_pass":false,"xi":1.06555}