{"c_est":0.99692,"closure_pass":false,"energy_final":-1.04923,"factors":["u1","su2"],"g":[0.124615,0.224615,0.324615],"gap_proxy":0.14846,"lambda_h":0.019846000000000003,"ward_pass":false,"xi":1.24615}