{"c_est":1.01328,"g":[0.12666,0.22666000000000003,0.32666],"lambda_h":0.020664000000000002}