{"c_est":1.1957200000000001,"closure_pass":false,"energy_final":-1.09893,"factors":["u1"],"g":[0.14946500000000001,0.24946500000000002,0.34946499999999997],"gap_proxy":0.24786000000000002,"lambda_h":0.029786,"ward_pass":true,"xi":1.49465}