{"c_est":1.14152,"g":[0.14269,0.24269000000000002,0.34269],"lambda_h":0.027076000000000003}