{"analysis_hash":"dba451f59128d7107f2b32e1a83d1b5c6d909e3ed46c1990cd2e0b2ae483a787","closure":{"closed":true,"max_dev":0.0,"structure_tensors":[]},"code_hash":"e566a0b20848d18dc52df4c716a6ba02613110e90a5a7e4ccd1d51af2b0e1110","decomp":{"factors":[{"dim":3,"invariants":{"frobenius":1.032818819,"symmetry":0.0,"trace":1e-9},"rank":3,"type":"su2"},{"dim":3,"invariants":{"frobenius":1.084213561,"symmetry":0.0,"trace":0.197417113},"rank":3,"type":"u1"},{"dim":3,"invariants":{"frobenius":0.645538746,"symmetry":0.0,"trace":-1e-9},"rank":3,"type":"su2"}],"residual_norm":0.197416113},"graph_hash":"59101e25112da6f3faaf8e8819478a3010ca8ee92a4d6a46ac2428737dd176b5","provenance":{"closure_tol":1e-6,"commit":"0.1.0","seed":1167530664195549577,"ward_tol":0.00001},"rep_hash":"c0390f873922619cccca419c46a12ec8ebdadbb0a874eaff66c3be541cffc6c5","ward":{"max_comm_norm":0.0,"pass":true,"thresholds":{"rel_tol":0.00001}}}