{
  "average_jaccard": 0.5761838440111423,
  "effective_sample_size": 228.3997525846072,
  "exchange_acceptance": [
    0.6245930753986086
  ],
  "exchange_acceptance_mean": 0.6245930753986086,
  "jaccard_lag_decay": 0.4238161559888577,
  "unique_structural_hashes": 147,
  "worm_samples": 7
}