{"c_est":1.14616,"closure_pass":true,"energy_final":-1.08654,"factors":["u1"],"g":[0.14327,0.24327000000000001,0.34326999999999996],"gap_proxy":0.22308,"lambda_h":0.027308,"ward_pass":false,"xi":1.4327}