{"c_est":1.0142,"closure_pass":false,"energy_final":-1.05355,"factors":["u1","su2"],"g":[0.126775,0.226775,0.326775],"gap_proxy":0.15710000000000002,"lambda_h":0.02071,"ward_pass":false,"xi":1.26775}