{"c_est":0.80684,"closure_pass":false,"energy_final":-1.00171,"factors":["u1","su2"],"g":[0.100855,0.200855,0.300855],"gap_proxy":0.05342,"lambda_h":0.010342,"ward_pass":false,"xi":1.00855}