{"analysis_hash":"5a1a68f804ddd176a07bdd6e9411c48c1af61e6424c88154354570a7c606103d","closure":{"closed":true,"max_dev":0.0,"structure_tensors":[]},"code_hash":"e566a0b20848d18dc52df4c716a6ba02613110e90a5a7e4ccd1d51af2b0e1110","decomp":{"factors":[{"dim":3,"invariants":{"frobenius":1.374564609,"symmetry":0.0,"trace":-1e-9},"rank":3,"type":"su2"},{"dim":3,"invariants":{"frobenius":0.693526098,"symmetry":0.0,"trace":0.32186149},"rank":3,"type":"u1"},{"dim":3,"invariants":{"frobenius":0.430674645,"symmetry":0.0,"trace":-1e-9},"rank":3,"type":"su2"}],"residual_norm":0.32186049},"graph_hash":"c9823d0b3e92bc84f99c8b93f865c94818af1eb7996c75bb6f4abe9c6238fc04","provenance":{"closure_tol":1e-6,"commit":"0.1.0","seed":8933183934090640465,"ward_tol":0.00001},"rep_hash":"cc81924efe90bb40aa7445d78d11e125833f2c623e7addee50268c54d972e487","ward":{"max_comm_norm":0.0,"pass":true,"thresholds":{"rel_tol":0.00001}}}