{"c_est":1.18016,"closure_pass":true,"energy_final":-1.09504,"factors":["u1","su2"],"g":[0.14752,0.24752000000000002,0.34752],"gap_proxy":0.24008000000000002,"lambda_h":0.029008,"ward_pass":true,"xi":1.4752}