{"c_est":1.1340000000000001,"closure_pass":true,"energy_final":-1.0835,"factors":["u1"],"g":[0.14175000000000001,0.24175000000000002,0.34175],"gap_proxy":0.21700000000000003,"lambda_h":0.0267,"ward_pass":false,"xi":1.4175}