{"c_est":1.01332,"closure_pass":false,"energy_final":-1.05333,"factors":["u1"],"g":[0.126665,0.226665,0.326665],"gap_proxy":0.15666000000000002,"lambda_h":0.020666,"ward_pass":true,"xi":1.26665}