{"c_est":1.09056,"closure_pass":true,"energy_final":-1.07264,"factors":["u1","su2"],"g":[0.13632,0.23632000000000003,0.33632],"gap_proxy":0.19528,"lambda_h":0.024528,"ward_pass":true,"xi":1.3632}