{"c_est":0.95696,"g":[0.11962,0.21962,0.31962],"lambda_h":0.017848000000000003}