{"c_est":0.8530800000000001,"closure_pass":false,"energy_final":-1.01327,"factors":["u1"],"g":[0.10663500000000001,0.206635,0.306635],"gap_proxy":0.07654000000000001,"lambda_h":0.012654,"ward_pass":false,"xi":1.06635}