{"c_est":1.09056,"g":[0.13632,0.23632000000000003,0.33632],"lambda_h":0.024528}