{"c_est":1.1340000000000001,"g":[0.14175000000000001,0.24175000000000002,0.34175],"lambda_h":0.0267}