{"c_est":1.0906,"g":[0.136325,0.236325,0.336325],"lambda_h":0.024530000000000003}