{"c_est":0.9968800000000001,"g":[0.12461000000000001,0.22461,0.32461],"lambda_h":0.019844}