{"c_est":1.0865200000000002,"closure_pass":false,"energy_final":-1.07163,"factors":["u1","su2"],"g":[0.13581500000000002,0.23581500000000002,0.335815],"gap_proxy":0.19326000000000004,"lambda_h":0.024326,"ward_pass":false,"xi":1.35815}