{
  "c_est": 1.19252,
  "g": [
    0.149065,
    0.249065,
    0.34906499999999996
  ],
  "gap_proxy": 0.24625999999999998,
  "job_id": "46117421311_2",
  "lambda_h": 0.029626,
  "mean_g": 0.249065,
  "rule_id": 2,
  "rule_label": "sigma_lock",
  "seed": 46117421311,
  "xi": 1.49065
}