{"c_est":1.19252,"g":[0.149065,0.249065,0.34906499999999996],"lambda_h":0.029626}