{"c_est":1.14616,"g":[0.14327,0.24327000000000001,0.34326999999999996],"lambda_h":0.027308}