{
  "field_theories": [
    {
      "c_est": 1.1957200000000001,
      "g": [
        0.14946500000000001,
        0.24946500000000002,
        0.34946499999999997
      ],
      "gap_proxy": 0.24786000000000002,
      "job_id": "46117421327_2",
      "lambda_h": 0.029786,
      "mean_g": 0.249465,
      "rule_id": 2,
      "rule_label": "sigma_lock",
      "seed": 46117421327,
      "xi": 1.49465
    },
    {
      "c_est": 1.19252,
      "g": [
        0.149065,
        0.249065,
        0.34906499999999996
      ],
      "gap_proxy": 0.24625999999999998,
      "job_id": "46117421311_2",
      "lambda_h": 0.029626,
      "mean_g": 0.249065,
      "rule_id": 2,
      "rule_label": "sigma_lock",
      "seed": 46117421311,
      "xi": 1.49065
    },
    {
      "c_est": 1.18016,
      "g": [
        0.14752,
        0.24752000000000002,
        0.34752
      ],
      "gap_proxy": 0.24008000000000002,
      "job_id": "46117421327_3",
      "lambda_h": 0.029008,
      "mean_g": 0.24752,
      "rule_id": 3,
      "rule_label": "phi_patch",
      "seed": 46117421327,
      "xi": 1.4752
    },
    {
      "c_est": 1.17568,
      "g": [
        0.14696,
        0.24696,
        0.34696
      ],
      "gap_proxy": 0.23784,
      "job_id": "46117421311_3",
      "lambda_h": 0.028784000000000004,
      "mean_g": 0.24696,
      "rule_id": 3,
      "rule_label": "phi_patch",
      "seed": 46117421311,
      "xi": 1.4696
    }
  ]
}