{"analysis_hash":"312afb4eaf212735054e5a9d258f8908e1caf37915e75bc629c711ec326ba51e","closure":{"closed":true,"max_dev":0.0,"structure_tensors":[]},"code_hash":"e566a0b20848d18dc52df4c716a6ba02613110e90a5a7e4ccd1d51af2b0e1110","decomp":{"factors":[{"dim":3,"invariants":{"frobenius":2.184482281,"symmetry":0.0,"trace":-1e-9},"rank":3,"type":"su2"},{"dim":3,"invariants":{"frobenius":0.726027469,"symmetry":0.0,"trace":0.712886735},"rank":3,"type":"u1"},{"dim":3,"invariants":{"frobenius":0.78101601,"symmetry":0.0,"trace":1e-9},"rank":3,"type":"su2"}],"residual_norm":0.712885735},"graph_hash":"59101e25112da6f3faaf8e8819478a3010ca8ee92a4d6a46ac2428737dd176b5","provenance":{"closure_tol":1e-6,"commit":"0.1.0","seed":13001,"ward_tol":0.00001},"rep_hash":"fb4457b552f7bbd6fa5230a81c04e447074572ed76fe435f228abd533b706ea4","ward":{"max_comm_norm":0.0,"pass":true,"thresholds":{"rel_tol":0.00001}}}