{"c_est":1.1393600000000002,"g":[0.14242000000000002,0.24242000000000002,0.34242],"lambda_h":0.026968}