{
  "c_est": 1.17568,
  "g": [
    0.14696,
    0.24696,
    0.34696
  ],
  "gap_proxy": 0.23784,
  "job_id": "46117421311_3",
  "lambda_h": 0.028784000000000004,
  "mean_g": 0.24696,
  "rule_id": 3,
  "rule_label": "phi_patch",
  "seed": 46117421311,
  "xi": 1.4696
}