{"c_est":1.1340400000000002,"closure_pass":false,"energy_final":-1.08351,"factors":["u1"],"g":[0.14175500000000002,0.241755,0.341755],"gap_proxy":0.21702,"lambda_h":0.026701999999999997,"ward_pass":false,"xi":1.4175499999999999}