{
  "average_jaccard": 0.5899576046634863,
  "effective_sample_size": 396.23698025164583,
  "exchange_acceptance": [
    0.8426206172281722,
    0.8602012780104645
  ],
  "exchange_acceptance_mean": 0.8514109476193183,
  "jaccard_lag_decay": 0.41004239533651365,
  "unique_structural_hashes": 163,
  "worm_samples": 7
}