{"c_est":0.95352,"closure_pass":true,"energy_final":-1.03838,"factors":["u1"],"g":[0.11919,0.21919,0.31919],"gap_proxy":0.12675999999999998,"lambda_h":0.017676,"ward_pass":false,"xi":1.1919}