{"c_est":1.13856,"g":[0.14232,0.24232,0.34232],"lambda_h":0.026928}