{"c_est":1.1396000000000002,"closure_pass":true,"energy_final":-1.0849,"factors":["u1","su2"],"g":[0.14245000000000002,0.24245,0.34245],"gap_proxy":0.2198,"lambda_h":0.026979999999999997,"ward_pass":false,"xi":1.4245}