{
  "species": 2434658826906173145,
  "curve": [
    [
      2,
      2.6666666666666665
    ],
    [
      4,
      3.333333333333333
    ],
    [
      6,
      4.0
    ],
    [
      8,
      4.666666666666666
    ],
    [
      10,
      5.333333333333334
    ],
    [
      12,
      6.0
    ]
  ]
}