{"analysis_hash":"4a76637bdce6b50917be8acbd8ba0cb7afd14eb3fc3be1edc9b3dde357d49853","closure":{"closed":true,"max_dev":0.0,"structure_tensors":[]},"code_hash":"e566a0b20848d18dc52df4c716a6ba02613110e90a5a7e4ccd1d51af2b0e1110","decomp":{"factors":[{"dim":3,"invariants":{"frobenius":1.633598157,"symmetry":0.0,"trace":1e-9},"rank":3,"type":"su2"},{"dim":3,"invariants":{"frobenius":0.797981963,"symmetry":0.0,"trace":1.250454361},"rank":3,"type":"u1"},{"dim":3,"invariants":{"frobenius":0.914552297,"symmetry":0.0,"trace":1e-9},"rank":3,"type":"su2"}],"residual_norm":1.250453361},"graph_hash":"c9823d0b3e92bc84f99c8b93f865c94818af1eb7996c75bb6f4abe9c6238fc04","provenance":{"closure_tol":1e-6,"commit":"0.1.0","seed":13002,"ward_tol":0.00001},"rep_hash":"61aee883d8b833870d5235623d4778b4b0bbafd516c13f0bb695200ae1a3a919","ward":{"max_comm_norm":0.0,"pass":true,"thresholds":{"rel_tol":0.00001}}}