{"c_est":1.0865200000000002,"g":[0.13581500000000002,0.23581500000000002,0.335815],"lambda_h":0.024326}